#,First Name,Last Name,Language,Gender
1,Ernestine,Bartlett,English (US),Female
2,Caitlin,Hodges,English (US),Female
3,Latonya,Finley,English (US),Female
4,Clay,Oswalt,English (US),Male
5,Flora,Sykes,English (US),Female
6,Debbie,Merrill,English (US),Female
7,Laurence,Madigan,English (US),Male
8,Frankie,Keyser,English (US),Male
9,Josefina,Reeves,English (US),Female
10,Gabriela,Gentry,English (US),Female
11,Scot,Paulk,English (US),Male
12,Jesus,McClain,English (US),Male
13,Carmen,Seale,English (US),Male
14,Jerri,Walton,English (US),Female
15,Otis,Bowler,English (US),Male
16,Deidre,Simpson,English (US),Female
17,Vanessa,Tucker,English (US),Female
18,Ted,Theriault,English (US),Male
19,Wilfred,Horst,English (US),Male
20,Thurman,Fredrick,English (US),Male
21,Enrique,Groff,English (US),Male
22,Veronica,Mullins,English (US),Female
23,Nora,Simon,English (US),Female
24,Natalie,Shannon,English (US),Female
25,Antoine,Hatley,English (US),Male
26,Howard,Flanigan,English (US),Male
27,Billy,Horst,English (US),Male
28,Marla,Joseph,English (US),Female
29,Jasmine,Gregory,English (US),Female
30,Christa,Gutierrez,English (US),Female
31,Russell,Lunn,English (US),Male
32,Frankie,Kong,English (US),Male
33,Donald,Giron,English (US),Male
34,Patrick,Townes,English (US),Male
35,Joanne,Cain,English (US),Female
